GROUP,PACKAGE,CLASS,INSTRUCTION_MISSED,INSTRUCTION_COVERED,BRANCH_MISSED,BRANCH_COVERED,LINE_MISSED,LINE_COVERED,COMPLEXITY_MISSED,COMPLEXITY_COVERED,METHOD_MISSED,METHOD_COVERED
ProjectZeroFullStack,com.revature.dao,AccountRepository,450,0,14,0,101,0,15,0,8,0
ProjectZeroFullStack,com.revature.dao,RealtorRepository,417,0,14,0,94,0,14,0,7,0
ProjectZeroFullStack,com.revature.app,Application,88,0,2,0,15,0,6,0,5,0
ProjectZeroFullStack,com.revature.dto,MessageDTO,83,0,14,0,26,0,14,0,7,0
ProjectZeroFullStack,com.revature.dto,PostRealtorDTO,127,0,22,0,36,0,20,0,9,0
ProjectZeroFullStack,com.revature.dto,PostAccountDTO,123,0,16,0,34,0,17,0,9,0
ProjectZeroFullStack,com.revature.controller,AccountController,220,0,4,0,53,0,9,0,7,0
ProjectZeroFullStack,com.revature.controller,ExceptionController,246,0,0,0,45,0,9,0,9,0
ProjectZeroFullStack,com.revature.controller,StaticFileController,65,0,2,0,15,0,5,0,4,0
ProjectZeroFullStack,com.revature.controller,RealtorController,163,0,0,0,41,0,7,0,7,0
ProjectZeroFullStack,com.revature.service,RealtorService,207,0,14,0,39,0,14,0,7,0
ProjectZeroFullStack,com.revature.service,AccountService,425,0,22,0,76,0,19,0,8,0
ProjectZeroFullStack,com.revature.util,ConnectionUtil,20,0,0,0,6,0,1,0,1,0
ProjectZeroFullStack,com.revature.exceptions,NotRealtorsAccountException,23,0,0,0,10,0,5,0,5,0
ProjectZeroFullStack,com.revature.exceptions,AccountNotFoundException,23,0,0,0,10,0,5,0,5,0
ProjectZeroFullStack,com.revature.exceptions,RealtorNotFoundException,23,0,0,0,10,0,5,0,5,0
ProjectZeroFullStack,com.revature.exceptions,BadParameterException,23,0,0,0,10,0,5,0,5,0
ProjectZeroFullStack,com.revature.exceptions,DatabaseException,23,0,0,0,10,0,5,0,5,0
ProjectZeroFullStack,com.revature.exceptions,DatabaseConnectionException,23,0,0,0,10,0,5,0,5,0
ProjectZeroFullStack,com.revature.exceptions,AddAccountException,23,0,0,0,10,0,5,0,5,0
ProjectZeroFullStack,com.revature.exceptions,AddRealtorException,23,0,0,0,10,0,5,0,5,0
ProjectZeroFullStack,com.revature.model,Realtor,197,0,32,0,53,0,29,0,13,0
ProjectZeroFullStack,com.revature.model,Account,152,0,18,0,41,0,20,0,11,0
